system:index,EVI_bofedal,EVI_control,NDMI_bofedal,NDMI_control,NDVI_bofedal,NDVI_control,SAVI_bofedal,SAVI_control,fecha,.geo
0,-9999.0,-9999.0,-9999.0,-9999.0,-9999.0,-9999.0,-9999.0,-9999.0,2017-01,"{""type"":""MultiPoint"",""coordinates"":[]}"
1,-9999.0,-9999.0,-9999.0,-9999.0,-9999.0,-9999.0,-9999.0,-9999.0,2017-02,"{""type"":""MultiPoint"",""coordinates"":[]}"
2,-9999.0,-9999.0,-9999.0,-9999.0,-9999.0,-9999.0,-9999.0,-9999.0,2017-03,"{""type"":""MultiPoint"",""coordinates"":[]}"
3,-9999.0,-9999.0,-9999.0,-9999.0,-9999.0,-9999.0,-9999.0,-9999.0,2017-04,"{""type"":""MultiPoint"",""coordinates"":[]}"
4,-9999.0,-9999.0,-9999.0,-9999.0,-9999.0,-9999.0,-9999.0,-9999.0,2017-05,"{""type"":""MultiPoint"",""coordinates"":[]}"
5,-9999.0,-9999.0,-9999.0,-9999.0,-9999.0,-9999.0,-9999.0,-9999.0,2017-06,"{""type"":""MultiPoint"",""coordinates"":[]}"
6,-9999.0,-9999.0,-9999.0,-9999.0,-9999.0,-9999.0,-9999.0,-9999.0,2017-07,"{""type"":""MultiPoint"",""coordinates"":[]}"
7,-9999.0,-9999.0,-9999.0,-9999.0,-9999.0,-9999.0,-9999.0,-9999.0,2017-08,"{""type"":""MultiPoint"",""coordinates"":[]}"
8,-9999.0,-9999.0,-9999.0,-9999.0,-9999.0,-9999.0,-9999.0,-9999.0,2017-09,"{""type"":""MultiPoint"",""coordinates"":[]}"
9,-9999.0,-9999.0,-9999.0,-9999.0,-9999.0,-9999.0,-9999.0,-9999.0,2017-10,"{""type"":""MultiPoint"",""coordinates"":[]}"
10,-9999.0,-9999.0,-9999.0,-9999.0,-9999.0,-9999.0,-9999.0,-9999.0,2017-11,"{""type"":""MultiPoint"",""coordinates"":[]}"
11,-9999.0,-9999.0,-9999.0,-9999.0,-9999.0,-9999.0,-9999.0,-9999.0,2017-12,"{""type"":""MultiPoint"",""coordinates"":[]}"
12,-9999.0,-9999.0,-9999.0,-9999.0,-9999.0,-9999.0,-9999.0,-9999.0,2018-01,"{""type"":""MultiPoint"",""coordinates"":[]}"
13,-9999.0,-9999.0,-9999.0,-9999.0,-9999.0,-9999.0,-9999.0,-9999.0,2018-02,"{""type"":""MultiPoint"",""coordinates"":[]}"
14,-9999.0,-9999.0,-9999.0,-9999.0,-9999.0,-9999.0,-9999.0,-9999.0,2018-03,"{""type"":""MultiPoint"",""coordinates"":[]}"
15,-9999.0,-9999.0,-9999.0,-9999.0,-9999.0,-9999.0,-9999.0,-9999.0,2018-04,"{""type"":""MultiPoint"",""coordinates"":[]}"
16,-9999.0,-9999.0,-9999.0,-9999.0,-9999.0,-9999.0,-9999.0,-9999.0,2018-05,"{""type"":""MultiPoint"",""coordinates"":[]}"
17,-9999.0,-9999.0,-9999.0,-9999.0,-9999.0,-9999.0,-9999.0,-9999.0,2018-06,"{""type"":""MultiPoint"",""coordinates"":[]}"
18,-9999.0,-9999.0,-9999.0,-9999.0,-9999.0,-9999.0,-9999.0,-9999.0,2018-07,"{""type"":""MultiPoint"",""coordinates"":[]}"
19,-9999.0,-9999.0,-9999.0,-9999.0,-9999.0,-9999.0,-9999.0,-9999.0,2018-08,"{""type"":""MultiPoint"",""coordinates"":[]}"
20,-9999.0,-9999.0,-9999.0,-9999.0,-9999.0,-9999.0,-9999.0,-9999.0,2018-09,"{""type"":""MultiPoint"",""coordinates"":[]}"
21,-9999.0,-9999.0,-9999.0,-9999.0,-9999.0,-9999.0,-9999.0,-9999.0,2018-10,"{""type"":""MultiPoint"",""coordinates"":[]}"
22,-9999.0,-9999.0,-9999.0,-9999.0,-9999.0,-9999.0,-9999.0,-9999.0,2018-11,"{""type"":""MultiPoint"",""coordinates"":[]}"
23,-9999.0,-9999.0,-9999.0,-9999.0,-9999.0,-9999.0,-9999.0,-9999.0,2018-12,"{""type"":""MultiPoint"",""coordinates"":[]}"
24,-9999.0,-9999.0,-9999.0,-9999.0,-9999.0,-9999.0,-9999.0,-9999.0,2019-01,"{""type"":""MultiPoint"",""coordinates"":[]}"
25,-9999.0,-9999.0,-9999.0,-9999.0,-9999.0,-9999.0,-9999.0,-9999.0,2019-02,"{""type"":""MultiPoint"",""coordinates"":[]}"
26,0.3821412915705068,0.21753057000547663,0.22350593507289887,-9.788061142899096E-4,0.6693008641401926,0.32290804386138916,0.36505589519923,0.1591155734639757,2019-03,"{""type"":""MultiPoint"",""coordinates"":[]}"
27,0.39069895245141656,0.21526215867150755,0.20527722934881845,-0.06716996058821678,0.6754570702711741,0.3809564709663391,0.38829085325631707,0.19938589066957133,2019-04,"{""type"":""MultiPoint"",""coordinates"":[]}"
28,0.38135114590964303,0.19133309773092724,0.20676803423298729,-0.12871954143047332,0.6830219626426697,0.3924327611923218,0.3964979592319521,0.19315331586042056,2019-05,"{""type"":""MultiPoint"",""coordinates"":[]}"
29,0.31046102991968483,0.15052555060661924,0.10100532679685524,-0.17300199568271635,0.5672790493283953,0.28693877533078194,0.3228720370688716,0.1500899471942854,2019-06,"{""type"":""MultiPoint"",""coordinates"":[]}"
30,0.2896769805545463,0.13676685399707456,0.026892839413550165,-0.2061494657626519,0.5405411890574864,0.2706171154975891,0.3149042806653059,0.14281774559727764,2019-07,"{""type"":""MultiPoint"",""coordinates"":[]}"
31,0.2748049263564492,0.129152629095401,-0.04957687063142657,-0.22290314361453056,0.48007441650737415,0.24056940277417502,0.29626670877075245,0.13579019921115,2019-08,"{""type"":""MultiPoint"",""coordinates"":[]}"
32,0.254506814106775,0.1289303132864221,-0.05697599612176418,-0.2002425708554008,0.4053666517138481,0.20155952721834183,0.2542178275981216,0.11859330126023945,2019-09,"{""type"":""MultiPoint"",""coordinates"":[]}"
33,-9999.0,-9999.0,-9999.0,-9999.0,-9999.0,-9999.0,-9999.0,-9999.0,2019-10,"{""type"":""MultiPoint"",""coordinates"":[]}"
34,0.24600477501703227,0.1403045839680432,0.05753733590245247,-0.10308898737033208,0.34466737508773804,0.2060391530394554,0.21027700461185983,0.1166191722685323,2019-11,"{""type"":""MultiPoint"",""coordinates"":[]}"
35,0.2763835752315026,0.20055593796399587,0.12093438324370202,-0.16218209527765534,0.34616483594671044,0.21088473939393038,0.22220733095199954,0.12616248685400588,2019-12,"{""type"":""MultiPoint"",""coordinates"":[]}"
36,0.34484580650983176,0.31083786689847653,0.19244457321705477,-0.13417446380317158,0.4920857371000404,0.33326615172374097,0.28905592198843777,0.18917592685835105,2020-01,"{""type"":""MultiPoint"",""coordinates"":[]}"
37,-9999.0,-9999.0,-9999.0,-9999.0,-9999.0,-9999.0,-9999.0,-9999.0,2020-02,"{""type"":""MultiPoint"",""coordinates"":[]}"
38,0.412265293252237,0.2949188239296305,0.3254243909528381,0.23469447749911954,0.5511718712030973,0.3619669382216032,0.32308621242836916,0.2091015547745091,2020-03,"{""type"":""MultiPoint"",""coordinates"":[]}"
39,0.40436750058619425,0.19314292931470053,0.23634949078162512,-0.012140869680378173,0.6944861531257629,0.377505823969841,0.39410835217978357,0.20540364894653548,2020-04,"{""type"":""MultiPoint"",""coordinates"":[]}"
40,0.36952136751779363,0.19243498704839512,0.16759292222559452,-0.10466697279896055,0.6516796814070808,0.3751244470477104,0.3767934186123391,0.18972411133741948,2020-05,"{""type"":""MultiPoint"",""coordinates"":[]}"
41,0.3180197162910882,0.15201984650660227,0.0897241857918826,-0.18366857866446176,0.5884156312261309,0.3153693548270634,0.34596679269247127,0.15783518161797647,2020-06,"{""type"":""MultiPoint"",""coordinates"":[]}"
42,0.2862416130509455,0.1366661976291262,0.020145257257602432,-0.19122023259600004,0.5250328020616011,0.2678084075450897,0.31128736097103904,0.14385928513502194,2020-07,"{""type"":""MultiPoint"",""coordinates"":[]}"
43,0.2338972498973516,0.12675681538103697,-0.06425892727242576,-0.1759907126426697,0.3733155131340027,0.20125528573989868,0.24118308982003758,0.12595362041631164,2020-08,"{""type"":""MultiPoint"",""coordinates"":[]}"
44,0.23282391848939812,0.128835716686793,-0.108972677406812,-0.1906582975285486,0.36317556115973276,0.19374032335219774,0.22905897226335295,0.11936169654867461,2020-09,"{""type"":""MultiPoint"",""coordinates"":[]}"
45,0.25238065880935684,0.1273439721270208,-0.058313810266554356,-0.2228216528892517,0.438478430112203,0.2171968902860369,0.2689961440961366,0.13005948770234077,2020-10,"{""type"":""MultiPoint"",""coordinates"":[]}"
46,0.29012982492313877,0.1333835713841998,-0.05680014689763387,-0.22429026663303375,0.49034016132354735,0.22941884994506836,0.3027071694903534,0.1386703376184633,2020-11,"{""type"":""MultiPoint"",""coordinates"":[]}"
47,-9999.0,-9999.0,-9999.0,-9999.0,-9999.0,-9999.0,-9999.0,-9999.0,2020-12,"{""type"":""MultiPoint"",""coordinates"":[]}"
48,-9999.0,-9999.0,-9999.0,-9999.0,-9999.0,-9999.0,-9999.0,-9999.0,2021-01,"{""type"":""MultiPoint"",""coordinates"":[]}"
49,-9999.0,-9999.0,-9999.0,-9999.0,-9999.0,-9999.0,-9999.0,-9999.0,2021-02,"{""type"":""MultiPoint"",""coordinates"":[]}"
50,0.37161853624693547,0.22967802734557335,0.20608735296649866,-0.1229284671158686,0.5328572928697602,0.33326948117215627,0.3187213795689995,0.18910276176544977,2021-03,"{""type"":""MultiPoint"",""coordinates"":[]}"
51,0.3988066011071163,0.206635745401295,0.20537168780962625,-0.0827092362774743,0.691942198574543,0.3596603785242353,0.3875013413213212,0.18517648714850785,2021-04,"{""type"":""MultiPoint"",""coordinates"":[]}"
52,0.3609813688797598,0.18579855410423854,0.1457892805337906,-0.1691669507159127,0.649816598211016,0.3468291844640459,0.36903333998547194,0.18243271683975168,2021-05,"{""type"":""MultiPoint"",""coordinates"":[]}"
53,0.30724284687412184,0.14556451095991252,0.0685354195535183,-0.1991345640271902,0.5730869472026825,0.28156032838991707,0.32410005761643856,0.14665173903889883,2021-06,"{""type"":""MultiPoint"",""coordinates"":[]}"
54,0.2784393877015863,0.13278435681436515,-0.024662906304001808,-0.2291959412395954,0.5155485769112904,0.2524379740158717,0.29547914801517267,0.13456196462980405,2021-07,"{""type"":""MultiPoint"",""coordinates"":[]}"
55,0.25210939343422645,0.12096611542042435,-0.07630529337459141,-0.2219610715454275,0.4466624657313029,0.21234148740768433,0.2638512015912033,0.12098767398450572,2021-08,"{""type"":""MultiPoint"",""coordinates"":[]}"
56,0.23811240583500154,0.11524640511930648,-0.08499274651209514,-0.2307327724993229,0.40829405188560486,0.19283600027362505,0.24499540201259143,0.11247521505425585,2021-09,"{""type"":""MultiPoint"",""coordinates"":[]}"
57,0.18948055087752408,0.0778989816653334,-0.03463297228639324,-0.16592156141996384,0.29082976281642914,0.1503295823931694,0.17765943285981195,0.08351986150118673,2021-10,"{""type"":""MultiPoint"",""coordinates"":[]}"
58,-9999.0,-9999.0,-9999.0,-9999.0,-9999.0,-9999.0,-9999.0,-9999.0,2021-11,"{""type"":""MultiPoint"",""coordinates"":[]}"
59,0.29585468826873523,0.19278531702520493,0.3099500453117727,0.27881282957157033,0.4093728091732485,0.2670022066196458,0.2378302342488988,0.14937559460312244,2021-12,"{""type"":""MultiPoint"",""coordinates"":[]}"
60,-9999.0,-9999.0,-9999.0,-9999.0,-9999.0,-9999.0,-9999.0,-9999.0,2022-01,"{""type"":""MultiPoint"",""coordinates"":[]}"
61,-9999.0,-9999.0,-9999.0,-9999.0,-9999.0,-9999.0,-9999.0,-9999.0,2022-02,"{""type"":""MultiPoint"",""coordinates"":[]}"
62,0.3696929433893067,0.35903112029214673,0.22933791982239649,0.1373997558039675,0.5190536960802614,0.33589862539626414,0.3177504622471854,0.20227668132719046,2022-03,"{""type"":""MultiPoint"",""coordinates"":[]}"
63,0.4193911308377673,0.21426668405898697,0.19171436727046967,-0.12045494690537453,0.7072690472458348,0.41217774897813797,0.42006952060581704,0.21112082807993254,2022-04,"{""type"":""MultiPoint"",""coordinates"":[]}"
64,0.3535902965943885,0.16313406332906027,0.11225770562887191,-0.16770274688800177,0.6060645977656046,0.31452248990535736,0.357683404249873,0.1668094142525711,2022-05,"{""type"":""MultiPoint"",""coordinates"":[]}"
65,0.306394257215878,0.14730176289430008,0.02103575738146901,-0.2065115302801132,0.5570279210805893,0.2830489635467529,0.322964687151477,0.15092802039571915,2022-06,"{""type"":""MultiPoint"",""coordinates"":[]}"
66,0.2654501974398477,0.1289999534553964,-0.05687498843128031,-0.21457923146394584,0.46901559631029766,0.2414951263261693,0.2804631779825436,0.1350888478571849,2022-07,"{""type"":""MultiPoint"",""coordinates"":[]}"
67,0.2512845025646534,0.12675874775766197,-0.0882271621376276,-0.22996574504808945,0.4398820474743843,0.22507560811936855,0.2648038595438316,0.12999612923899073,2022-08,"{""type"":""MultiPoint"",""coordinates"":[]}"
68,0.24004155534209884,0.12424606004798414,-0.09593587244550388,-0.23126117140054703,0.40065157413482666,0.20937888075908026,0.2508045360027219,0.12433184543615697,2022-09,"{""type"":""MultiPoint"",""coordinates"":[]}"
69,0.23763963523293652,0.13089241146487135,-0.13362924660399347,-0.2048255011159199,0.3352350050250575,0.17349156489056583,0.21438277559800237,0.10989030543114563,2022-10,"{""type"":""MultiPoint"",""coordinates"":[]}"
70,0.23968996276087598,0.12020525126851726,-0.11803098488599062,-0.2321085065603256,0.3837413340806961,0.1934099859661526,0.23288338984342716,0.11638155325481152,2022-11,"{""type"":""MultiPoint"",""coordinates"":[]}"
71,-9999.0,-9999.0,-9999.0,-9999.0,-9999.0,-9999.0,-9999.0,-9999.0,2022-12,"{""type"":""MultiPoint"",""coordinates"":[]}"
72,0.20687451912144547,0.13265799958850905,0.005625028784076373,-0.08990033715963364,0.26372628741794163,0.1540859416127205,0.16810168916801005,0.10272154394421497,2023-01,"{""type"":""MultiPoint"",""coordinates"":[]}"
73,-9999.0,-9999.0,-9999.0,-9999.0,-9999.0,-9999.0,-9999.0,-9999.0,2023-02,"{""type"":""MultiPoint"",""coordinates"":[]}"
74,-9999.0,-9999.0,-9999.0,-9999.0,-9999.0,-9999.0,-9999.0,-9999.0,2023-03,"{""type"":""MultiPoint"",""coordinates"":[]}"
75,0.39417549660346307,0.2019334248143324,0.1582347204287847,-0.11923052668571472,0.6668233573436737,0.36684705317020416,0.38479757611903226,0.18889597896563337,2023-04,"{""type"":""MultiPoint"",""coordinates"":[]}"
76,0.3658301123577085,0.17533772759272792,0.12115591019392014,-0.17411533404480328,0.6663905382156372,0.3629816651344299,0.37700911742846577,0.18004896728918288,2023-05,"{""type"":""MultiPoint"",""coordinates"":[]}"
77,0.3173844438758689,0.1447189553163709,0.005614974128548056,-0.21893242887701048,0.5642285857881818,0.2989449918270111,0.33161218122370734,0.15023629827416685,2023-06,"{""type"":""MultiPoint"",""coordinates"":[]}"
78,0.2615913076063694,0.12762182278814377,-0.08447554210821788,-0.23754317714617804,0.47484517842531204,0.24816647171974182,0.28236540193866805,0.13349753847096163,2023-07,"{""type"":""MultiPoint"",""coordinates"":[]}"
79,0.23661430071352457,0.12208590703931166,-0.11497905477881432,-0.2455799088758581,0.4398127615451813,0.22993474702040353,0.25401874926995377,0.12604185987727531,2023-08,"{""type"":""MultiPoint"",""coordinates"":[]}"
80,0.23420056457260302,0.117435076685329,-0.11575097143650055,-0.24731698259711266,0.4084492802619934,0.20203968696296215,0.24027122405219153,0.11429835233702824,2023-09,"{""type"":""MultiPoint"",""coordinates"":[]}"
81,0.23147019569756733,0.1252375136160898,-0.14588514339632916,-0.2089975991860983,0.34341389019670576,0.18755663190052213,0.21335904202379444,0.11241571266397407,2023-10,"{""type"":""MultiPoint"",""coordinates"":[]}"
82,-9999.0,-9999.0,-9999.0,-9999.0,-9999.0,-9999.0,-9999.0,-9999.0,2023-11,"{""type"":""MultiPoint"",""coordinates"":[]}"
83,0.355926451620265,0.21171758807629362,0.11510886061843985,-0.14684406963044588,0.490739521902111,0.2949439116654861,0.3080519402819791,0.18020365371194322,2023-12,"{""type"":""MultiPoint"",""coordinates"":[]}"
84,0.3989367394644743,0.19490361162160003,0.12804163495699564,-0.10187766794115305,0.662139356136322,0.3382606754700343,0.3887522965531502,0.18369934833701593,2024-01,"{""type"":""MultiPoint"",""coordinates"":[]}"
85,-9999.0,-9999.0,-9999.0,-9999.0,-9999.0,-9999.0,-9999.0,-9999.0,2024-02,"{""type"":""MultiPoint"",""coordinates"":[]}"
86,0.4157683296192518,0.2941162721461442,0.20709675111506573,-0.145407015625604,0.5535268101854199,0.37640211287898157,0.32788775733904374,0.21281397126883925,2024-03,"{""type"":""MultiPoint"",""coordinates"":[]}"
87,0.4123082181585237,0.21962802396547537,0.19338185526430607,-0.05978333726525307,0.6779783368110657,0.354988157749176,0.3916612123023086,0.18674874054787033,2024-04,"{""type"":""MultiPoint"",""coordinates"":[]}"
88,0.3923000288643391,0.17836709376617196,0.1393224634230137,-0.1752912774682045,0.6696036517620086,0.3604432986605735,0.3967651917677231,0.18158368823760135,2024-05,"{""type"":""MultiPoint"",""coordinates"":[]}"
89,0.3342035872623913,0.15231971162541086,0.05997737944126129,-0.19530991050932142,0.5818152904510498,0.2965710299710433,0.3488866895270748,0.15809605569283816,2024-06,"{""type"":""MultiPoint"",""coordinates"":[]}"
90,0.2730901038072324,0.12812081764957062,-0.017737789877823422,-0.19789506707872664,0.46717801690101624,0.23244937881827354,0.27824808663026446,0.1239051284557475,2024-07,"{""type"":""MultiPoint"",""coordinates"":[]}"
91,0.26261663143640707,0.12329865468017463,-0.07983947971037456,-0.21982472240924836,0.4344945475459099,0.2131303312877814,0.2694627384542549,0.12193613657010943,2024-08,"{""type"":""MultiPoint"",""coordinates"":[]}"
92,0.24676908928738167,0.12103528963379215,-0.1050377287901938,-0.22517511621117592,0.3853548467159271,0.19788195788860322,0.2531697196571123,0.11747950807790561,2024-09,"{""type"":""MultiPoint"",""coordinates"":[]}"
93,0.2479375465575701,0.12522340046340508,-0.11672075216968855,-0.22844670712947845,0.3990498483181,0.19728931039571762,0.2515513937289964,0.12182382488518413,2024-10,"{""type"":""MultiPoint"",""coordinates"":[]}"
94,-9999.0,-9999.0,-9999.0,-9999.0,-9999.0,-9999.0,-9999.0,-9999.0,2024-11,"{""type"":""MultiPoint"",""coordinates"":[]}"
95,0.3944991032385208,0.29139998077092444,0.1395252041240142,-0.15731790903595064,0.5565361137338636,0.34148479379866564,0.3282955671863275,0.1947877625440234,2024-12,"{""type"":""MultiPoint"",""coordinates"":[]}"
96,0.35810612189287866,0.24292009234257736,0.21581277873519866,0.00574262037279958,0.4929739052931979,0.31841070107886127,0.3006351516196982,0.1902548114728756,2025-01,"{""type"":""MultiPoint"",""coordinates"":[]}"
97,-9999.0,-9999.0,-9999.0,-9999.0,-9999.0,-9999.0,-9999.0,-9999.0,2025-02,"{""type"":""MultiPoint"",""coordinates"":[]}"
98,0.37480618602650045,0.26743971561496155,0.22622849103203393,0.12522376269266447,0.5181399592813456,0.33494305019871196,0.32350887666954786,0.20584772277615787,2025-03,"{""type"":""MultiPoint"",""coordinates"":[]}"
99,0.3967053385748229,0.24520964215117025,0.2279596860966527,-0.1340235797885679,0.6223295969921246,0.40482308696622826,0.3679984688757068,0.2260724991434381,2025-04,"{""type"":""MultiPoint"",""coordinates"":[]}"
100,0.39550726613865095,0.20505957496209004,0.1759276047348976,-0.1366935438579983,0.6838456047208685,0.4038141369819641,0.40490681612720003,0.20866349048325408,2025-05,"{""type"":""MultiPoint"",""coordinates"":[]}"
101,0.3489008071986897,0.1736686751269428,0.10556689175692471,-0.16864135960737864,0.6146948252405439,0.3419789870580037,0.3567629790155987,0.17444485552158778,2025-06,"{""type"":""MultiPoint"",""coordinates"":[]}"
102,0.3068628137101725,0.14185024667349772,0.011968136299401522,-0.21074475880180088,0.5427643736203511,0.28565424904227255,0.3241034763932562,0.15126632132984685,2025-07,"{""type"":""MultiPoint"",""coordinates"":[]}"
103,0.27416336735558855,0.14548820836953663,-0.0993106667541765,-0.2199297095571905,0.46842213806353117,0.2580149524425432,0.2833727371960164,0.14760743701289256,2025-08,"{""type"":""MultiPoint"",""coordinates"":[]}"
104,0.270494913096725,0.12714064463868843,-0.048724299030644555,-0.21727884880134038,0.4491737922032674,0.20181648858955928,0.26780360731546476,0.11975658526331098,2025-09,"{""type"":""MultiPoint"",""coordinates"":[]}"
105,0.25205841785933814,0.15799782107896473,0.10740148739244862,-0.1945354803399099,0.35352516909729836,0.19944354731475336,0.21272813513701389,0.11447159707471151,2025-10,"{""type"":""MultiPoint"",""coordinates"":[]}"
106,0.35206692938115614,0.18873573985024353,0.11412218929850497,-0.17456979036949347,0.48915243782131956,0.27070253646225795,0.30345367108194227,0.15937019820259246,2025-11,"{""type"":""MultiPoint"",""coordinates"":[]}"
107,0.3682837912071525,0.23122908459111755,0.16617946173608933,-0.1222006667322608,0.5383364258586127,0.33553796363521815,0.33179024374697913,0.20405894809959182,2025-12,"{""type"":""MultiPoint"",""coordinates"":[]}"
