system:index,fecha,precipitacion_mm,temperatura_C,.geo
0,2017-01,133.74513365520244,6.3914927141909885,"{""type"":""MultiPoint"",""coordinates"":[]}"
1,2017-02,234.6002576451946,6.611339609079132,"{""type"":""MultiPoint"",""coordinates"":[]}"
2,2017-03,206.247478711245,6.212003848061369,"{""type"":""MultiPoint"",""coordinates"":[]}"
3,2017-04,162.6288600398708,5.812949731912697,"{""type"":""MultiPoint"",""coordinates"":[]}"
4,2017-05,188.43721018747524,5.211291769540832,"{""type"":""MultiPoint"",""coordinates"":[]}"
5,2017-06,36.052568312465475,4.933627354320677,"{""type"":""MultiPoint"",""coordinates"":[]}"
6,2017-07,20.819240377615223,4.5423005047851355,"{""type"":""MultiPoint"",""coordinates"":[]}"
7,2017-08,30.555423273943386,5.2892004098889585,"{""type"":""MultiPoint"",""coordinates"":[]}"
8,2017-09,90.7333739658278,5.691080665363359,"{""type"":""MultiPoint"",""coordinates"":[]}"
9,2017-10,101.13885651117839,6.4415463997617435,"{""type"":""MultiPoint"",""coordinates"":[]}"
10,2017-11,196.2691755729029,7.003742188040427,"{""type"":""MultiPoint"",""coordinates"":[]}"
11,2017-12,270.00218094265136,6.564496066471186,"{""type"":""MultiPoint"",""coordinates"":[]}"
12,2018-01,223.6728940198672,5.942939492590638,"{""type"":""MultiPoint"",""coordinates"":[]}"
13,2018-02,242.28068671320133,6.175974791040143,"{""type"":""MultiPoint"",""coordinates"":[]}"
14,2018-03,249.1562273923862,5.951134513164133,"{""type"":""MultiPoint"",""coordinates"":[]}"
15,2018-04,100.68995666658351,5.9884193493523625,"{""type"":""MultiPoint"",""coordinates"":[]}"
16,2018-05,149.41958830255467,5.2854692739261,"{""type"":""MultiPoint"",""coordinates"":[]}"
17,2018-06,46.41079735515038,3.3455083247729718,"{""type"":""MultiPoint"",""coordinates"":[]}"
18,2018-07,42.3395265048732,3.274871304240803,"{""type"":""MultiPoint"",""coordinates"":[]}"
19,2018-08,27.101875649587175,3.605008292763299,"{""type"":""MultiPoint"",""coordinates"":[]}"
20,2018-09,66.96469553368176,5.537201831631731,"{""type"":""MultiPoint"",""coordinates"":[]}"
21,2018-10,164.7596158718878,6.192471865891359,"{""type"":""MultiPoint"",""coordinates"":[]}"
22,2018-11,209.37051643507897,7.0976344702659535,"{""type"":""MultiPoint"",""coordinates"":[]}"
23,2018-12,312.32149098221794,6.441617306576975,"{""type"":""MultiPoint"",""coordinates"":[]}"
24,2019-01,137.3958173447782,6.59076117529686,"{""type"":""MultiPoint"",""coordinates"":[]}"
25,2019-02,225.26462925209472,5.906799252517472,"{""type"":""MultiPoint"",""coordinates"":[]}"
26,2019-03,125.14409094275966,6.815168752471466,"{""type"":""MultiPoint"",""coordinates"":[]}"
27,2019-04,142.10549387667902,6.541977215433943,"{""type"":""MultiPoint"",""coordinates"":[]}"
28,2019-05,180.97444357029795,5.684316507330483,"{""type"":""MultiPoint"",""coordinates"":[]}"
29,2019-06,23.896394280011176,5.101528256561681,"{""type"":""MultiPoint"",""coordinates"":[]}"
30,2019-07,31.514286442411564,4.248981674691005,"{""type"":""MultiPoint"",""coordinates"":[]}"
31,2019-08,18.52357877412982,4.848584532056871,"{""type"":""MultiPoint"",""coordinates"":[]}"
32,2019-09,73.5982099777382,5.880186025460979,"{""type"":""MultiPoint"",""coordinates"":[]}"
33,2019-10,85.20669476551218,5.788364494169954,"{""type"":""MultiPoint"",""coordinates"":[]}"
34,2019-11,372.94622489223275,6.631585212301646,"{""type"":""MultiPoint"",""coordinates"":[]}"
35,2019-12,294.306317724497,6.7221353881070645,"{""type"":""MultiPoint"",""coordinates"":[]}"
36,2020-01,143.28162722381444,6.969560835964338,"{""type"":""MultiPoint"",""coordinates"":[]}"
37,2020-02,297.21905557206935,6.694887706814752,"{""type"":""MultiPoint"",""coordinates"":[]}"
38,2020-03,318.3163974078094,6.554482285904321,"{""type"":""MultiPoint"",""coordinates"":[]}"
39,2020-04,59.07086900339214,6.166237627250673,"{""type"":""MultiPoint"",""coordinates"":[]}"
40,2020-05,92.50212353630043,5.292846447527226,"{""type"":""MultiPoint"",""coordinates"":[]}"
41,2020-06,26.220976802613038,5.100004822582521,"{""type"":""MultiPoint"",""coordinates"":[]}"
42,2020-07,24.175977894574896,4.60063189916651,"{""type"":""MultiPoint"",""coordinates"":[]}"
43,2020-08,24.111786746960604,5.620015157495735,"{""type"":""MultiPoint"",""coordinates"":[]}"
44,2020-09,88.4844892445397,5.515224054101941,"{""type"":""MultiPoint"",""coordinates"":[]}"
45,2020-10,35.715486771025276,5.825028321740949,"{""type"":""MultiPoint"",""coordinates"":[]}"
46,2020-11,72.97391626490553,7.071871984792158,"{""type"":""MultiPoint"",""coordinates"":[]}"
47,2020-12,199.89976985192146,6.205142506642821,"{""type"":""MultiPoint"",""coordinates"":[]}"
48,2021-01,210.18102666190137,5.899403810401395,"{""type"":""MultiPoint"",""coordinates"":[]}"
49,2021-02,287.0907232800025,5.867951825384632,"{""type"":""MultiPoint"",""coordinates"":[]}"
50,2021-03,229.70793955220097,5.844015474478264,"{""type"":""MultiPoint"",""coordinates"":[]}"
51,2021-04,130.18972902799248,5.5255147792748565,"{""type"":""MultiPoint"",""coordinates"":[]}"
52,2021-05,119.82144254956582,5.0073848390618005,"{""type"":""MultiPoint"",""coordinates"":[]}"
53,2021-06,46.791856714955415,4.093020439241461,"{""type"":""MultiPoint"",""coordinates"":[]}"
54,2021-07,21.690387427789343,3.435455119205344,"{""type"":""MultiPoint"",""coordinates"":[]}"
55,2021-08,20.644391983371012,4.849728409278829,"{""type"":""MultiPoint"",""coordinates"":[]}"
56,2021-09,91.50643804168631,5.472136559248196,"{""type"":""MultiPoint"",""coordinates"":[]}"
57,2021-10,98.52001553107678,6.6500312688010945,"{""type"":""MultiPoint"",""coordinates"":[]}"
58,2021-11,197.1018762117862,6.311078855685077,"{""type"":""MultiPoint"",""coordinates"":[]}"
59,2021-12,235.96398736268011,6.429770133456843,"{""type"":""MultiPoint"",""coordinates"":[]}"
60,2022-01,131.10887037830523,6.34618839367674,"{""type"":""MultiPoint"",""coordinates"":[]}"
61,2022-02,214.14369251588312,6.1023305955610185,"{""type"":""MultiPoint"",""coordinates"":[]}"
62,2022-03,217.80366785507707,6.2213416061150415,"{""type"":""MultiPoint"",""coordinates"":[]}"
63,2022-04,64.47270889123118,6.218229703937977,"{""type"":""MultiPoint"",""coordinates"":[]}"
64,2022-05,65.6556016290824,5.250097263322016,"{""type"":""MultiPoint"",""coordinates"":[]}"
65,2022-06,33.236576097505456,4.155294963254811,"{""type"":""MultiPoint"",""coordinates"":[]}"
66,2022-07,30.338307400383073,5.21968533800303,"{""type"":""MultiPoint"",""coordinates"":[]}"
67,2022-08,29.872276998370047,4.6060357011861015,"{""type"":""MultiPoint"",""coordinates"":[]}"
68,2022-09,103.82539555374497,5.5042375348621215,"{""type"":""MultiPoint"",""coordinates"":[]}"
69,2022-10,45.328348081572976,6.2319915254671745,"{""type"":""MultiPoint"",""coordinates"":[]}"
70,2022-11,77.05625473513318,6.760397206648996,"{""type"":""MultiPoint"",""coordinates"":[]}"
71,2022-12,403.7224474712602,6.121950635892507,"{""type"":""MultiPoint"",""coordinates"":[]}"
72,2023-01,126.73320627788497,6.245562127160996,"{""type"":""MultiPoint"",""coordinates"":[]}"
73,2023-02,243.34003385930808,6.002965379440969,"{""type"":""MultiPoint"",""coordinates"":[]}"
74,2023-03,208.83695956363158,6.127642596574927,"{""type"":""MultiPoint"",""coordinates"":[]}"
75,2023-04,123.8036777983131,5.96179204724316,"{""type"":""MultiPoint"",""coordinates"":[]}"
76,2023-05,167.30349599145674,5.0094530583767005,"{""type"":""MultiPoint"",""coordinates"":[]}"
77,2023-06,16.971516433059847,4.454774199370731,"{""type"":""MultiPoint"",""coordinates"":[]}"
78,2023-07,20.955584126081142,5.449511203262008,"{""type"":""MultiPoint"",""coordinates"":[]}"
79,2023-08,25.68359345642943,5.328869626654448,"{""type"":""MultiPoint"",""coordinates"":[]}"
80,2023-09,85.62326898402597,6.064883718686175,"{""type"":""MultiPoint"",""coordinates"":[]}"
81,2023-10,108.19667258772773,7.303140912414777,"{""type"":""MultiPoint"",""coordinates"":[]}"
82,2023-11,124.89991565210856,7.215768941753012,"{""type"":""MultiPoint"",""coordinates"":[]}"
83,2023-12,272.31104442000026,7.512073823380658,"{""type"":""MultiPoint"",""coordinates"":[]}"
84,2024-01,173.12976860884788,7.62163887371401,"{""type"":""MultiPoint"",""coordinates"":[]}"
85,2024-02,268.20887049985856,7.43383264889817,"{""type"":""MultiPoint"",""coordinates"":[]}"
86,2024-03,247.7870528406229,7.476891541911453,"{""type"":""MultiPoint"",""coordinates"":[]}"
87,2024-04,87.07970657824005,7.535513278736581,"{""type"":""MultiPoint"",""coordinates"":[]}"
88,2024-05,142.07630815246836,6.622822531470099,"{""type"":""MultiPoint"",""coordinates"":[]}"
89,2024-06,24.362318587695594,5.507865581720881,"{""type"":""MultiPoint"",""coordinates"":[]}"
90,2024-07,17.863446525185612,4.755643906245497,"{""type"":""MultiPoint"",""coordinates"":[]}"
91,2024-08,17.4316543162264,5.551547374163365,"{""type"":""MultiPoint"",""coordinates"":[]}"
92,2024-09,74.50162341012683,6.216881751789823,"{""type"":""MultiPoint"",""coordinates"":[]}"
93,2024-10,76.97302607908122,6.87103463984898,"{""type"":""MultiPoint"",""coordinates"":[]}"
94,2024-11,260.34594997798837,7.187701533024911,"{""type"":""MultiPoint"",""coordinates"":[]}"
95,2024-12,196.9622268083917,6.873712119646994,"{""type"":""MultiPoint"",""coordinates"":[]}"
96,2025-01,216.14476807965548,6.246938418121964,"{""type"":""MultiPoint"",""coordinates"":[]}"
97,2025-02,247.61407579027463,6.364621925198201,"{""type"":""MultiPoint"",""coordinates"":[]}"
98,2025-03,288.0673311604179,6.456093066539011,"{""type"":""MultiPoint"",""coordinates"":[]}"
99,2025-04,184.36096965064095,6.168596795410489,"{""type"":""MultiPoint"",""coordinates"":[]}"
100,2025-05,197.3335797283687,5.598361467316287,"{""type"":""MultiPoint"",""coordinates"":[]}"
101,2025-06,21.31687776342256,4.524901389687069,"{""type"":""MultiPoint"",""coordinates"":[]}"
102,2025-07,23.470254753522546,4.065057992154031,"{""type"":""MultiPoint"",""coordinates"":[]}"
103,2025-08,36.52276583837591,4.656553527938179,"{""type"":""MultiPoint"",""coordinates"":[]}"
104,2025-09,91.13461905397236,5.458768152869856,"{""type"":""MultiPoint"",""coordinates"":[]}"
105,2025-10,110.93484275332878,5.874217586153798,"{""type"":""MultiPoint"",""coordinates"":[]}"
106,2025-11,174.0115859870578,6.631462595002588,"{""type"":""MultiPoint"",""coordinates"":[]}"
107,2025-12,251.90637846260708,6.7860561908622286,"{""type"":""MultiPoint"",""coordinates"":[]}"
